node,node_label
530,"{'type': 'person', 'role': 'TA'}"
0,"{'type': 'person', 'role': 'TA'}"
80,"{'type': 'person', 'role': 'Student'}"
531,"{'type': 'person', 'role': 'Student'}"
162,"{'type': 'person', 'role': 'Student'}"
7,"{'type': 'person', 'role': 'Student'}"
532,"{'type': 'person', 'role': 'Student'}"
533,"{'type': 'person', 'role': 'Student'}"
534,"{'type': 'person', 'role': 'Student'}"
535,"{'type': 'person', 'role': 'Student'}"
536,"{'type': 'person', 'role': 'Student'}"
537,"{'type': 'person', 'role': 'Student'}"
538,"{'type': 'person', 'role': 'Student'}"
539,"{'type': 'person', 'role': 'Student'}"
170,"{'type': 'person', 'role': 'Student'}"
158,"{'type': 'person', 'role': 'Student'}"
97,"{'type': 'person', 'role': 'Student'}"
172,"{'type': 'person', 'role': 'Student'}"
540,"{'type': 'person', 'role': 'Student'}"
173,"{'type': 'person', 'role': 'Student'}"
541,"{'type': 'person', 'role': 'Student'}"
65,"{'type': 'person', 'role': 'Student'}"
4,"{'type': 'person', 'role': 'Student'}"
179,"{'type': 'person', 'role': 'TA'}"
542,"{'type': 'person', 'role': 'Student'}"
543,"{'type': 'person', 'role': 'Student'}"
544,"{'type': 'person', 'role': 'Student'}"
99,"{'type': 'person', 'role': 'Student'}"
545,"{'type': 'person', 'role': 'Student'}"
181,"{'type': 'person', 'role': 'Student'}"
183,"{'type': 'person', 'role': 'Student'}"
185,"{'type': 'person', 'role': 'Student'}"
546,"{'type': 'person', 'role': 'Student'}"
547,"{'type': 'person', 'role': 'Student'}"
186,"{'type': 'person', 'role': 'Student'}"
548,"{'type': 'person', 'role': 'Student'}"
48,"{'type': 'person', 'role': 'Student'}"
190,"{'type': 'person', 'role': 'Student'}"
549,"{'type': 'person', 'role': 'Student'}"
210,"{'type': 'person', 'role': 'Student'}"
550,"{'type': 'person', 'role': 'Student'}"
156,"{'type': 'person', 'role': 'TA'}"
244,"{'type': 'person', 'role': 'Student'}"
551,"{'type': 'person', 'role': 'Student'}"
552,"{'type': 'person', 'role': 'Student'}"
246,"{'type': 'person', 'role': 'Student'}"
553,"{'type': 'person', 'role': 'Student'}"
554,"{'type': 'person', 'role': 'Student'}"
64,"{'type': 'person', 'role': 'Student'}"
93,"{'type': 'person', 'role': 'Student'}"
251,"{'type': 'person', 'role': 'Student'}"
555,"{'type': 'person', 'role': 'Student'}"
556,"{'type': 'person', 'role': 'Student'}"
176,"{'type': 'person', 'role': 'Student'}"
84,"{'type': 'person', 'role': 'Student'}"
272,"{'type': 'person', 'role': 'Student'}"
557,"{'type': 'person', 'role': 'Student'}"
558,"{'type': 'person', 'role': 'Student'}"
559,"{'type': 'person', 'role': 'Student'}"
275,"{'type': 'person', 'role': 'Student'}"
279,"{'type': 'person', 'role': 'Student'}"
560,"{'type': 'person', 'role': 'Student'}"
280,"{'type': 'person', 'role': 'Student'}"
561,"{'type': 'person', 'role': 'Student'}"
281,"{'type': 'person', 'role': 'Student'}"
184,"{'type': 'person', 'role': 'Student'}"
562,"{'type': 'person', 'role': 'Student'}"
563,"{'type': 'person', 'role': 'Student'}"
283,"{'type': 'person', 'role': 'Student'}"
285,"{'type': 'person', 'role': 'Student'}"
286,"{'type': 'person', 'role': 'Student'}"
287,"{'type': 'person', 'role': 'Student'}"
247,"{'type': 'person', 'role': 'Student'}"
564,"{'type': 'person', 'role': 'Student'}"
293,"{'type': 'person', 'role': 'Student'}"
169,"{'type': 'person', 'role': 'TA'}"
565,"{'type': 'person', 'role': 'Student'}"
167,"{'type': 'person', 'role': 'Student'}"
566,"{'type': 'person', 'role': 'Student'}"
319,"{'type': 'person', 'role': 'Student'}"
266,"{'type': 'person', 'role': 'Student'}"
567,"{'type': 'person', 'role': 'Student'}"
320,"{'type': 'person', 'role': 'Student'}"
171,"{'type': 'person', 'role': 'TA'}"
568,"{'type': 'person', 'role': 'Student'}"
569,"{'type': 'person', 'role': 'Student'}"
570,"{'type': 'person', 'role': 'Student'}"
8,"{'type': 'person', 'role': 'Student'}"
9,"{'type': 'person', 'role': 'Student'}"
571,"{'type': 'person', 'role': 'Student'}"
572,"{'type': 'person', 'role': 'Student'}"
159,"{'type': 'person', 'role': 'Student'}"
215,"{'type': 'person', 'role': 'Student'}"
573,"{'type': 'person', 'role': 'Student'}"
349,"{'type': 'person', 'role': 'Student'}"
574,"{'type': 'person', 'role': 'Student'}"
81,"{'type': 'person', 'role': 'Student'}"
354,"{'type': 'person', 'role': 'Student'}"
575,"{'type': 'person', 'role': 'Student'}"
83,"{'type': 'person', 'role': 'Student'}"
576,"{'type': 'person', 'role': 'Student'}"
226,"{'type': 'person', 'role': 'Student'}"
13,"{'type': 'person', 'role': 'Student'}"
577,"{'type': 'person', 'role': 'Student'}"
206,"{'type': 'person', 'role': 'Student'}"
360,"{'type': 'person', 'role': 'Student'}"
2,"{'type': 'person', 'role': 'Student'}"
338,"{'type': 'person', 'role': 'Student'}"
578,"{'type': 'person', 'role': 'Student'}"
362,"{'type': 'person', 'role': 'Student'}"
219,"{'type': 'person', 'role': 'Student'}"
579,"{'type': 'person', 'role': 'Student'}"
580,"{'type': 'person', 'role': 'Student'}"
60,"{'type': 'person', 'role': 'Student'}"
100,"{'type': 'person', 'role': 'Student'}"
12,"{'type': 'person', 'role': 'Student'}"
344,"{'type': 'person', 'role': 'Student'}"
581,"{'type': 'person', 'role': 'Student'}"
582,"{'type': 'person', 'role': 'Student'}"
329,"{'type': 'person', 'role': 'Student'}"
265,"{'type': 'person', 'role': 'Student'}"
30,"{'type': 'person', 'role': 'Student'}"
426,"{'type': 'person', 'role': 'Student'}"
583,"{'type': 'person', 'role': 'Student'}"
427,"{'type': 'person', 'role': 'Student'}"
584,"{'type': 'person', 'role': 'Student'}"
326,"{'type': 'person', 'role': 'Student'}"
49,"{'type': 'person', 'role': 'Student'}"
429,"{'type': 'person', 'role': 'Student'}"
585,"{'type': 'person', 'role': 'Student'}"
343,"{'type': 'person', 'role': 'Student'}"
235,"{'type': 'person', 'role': 'Student'}"
586,"{'type': 'person', 'role': 'Student'}"
587,"{'type': 'person', 'role': 'Student'}"
430,"{'type': 'person', 'role': 'Student'}"
588,"{'type': 'person', 'role': 'Student'}"
255,"{'type': 'person', 'role': 'Student'}"
96,"{'type': 'person', 'role': 'Student'}"
432,"{'type': 'person', 'role': 'Student'}"
433,"{'type': 'person', 'role': 'Student'}"
345,"{'type': 'person', 'role': 'Student'}"
589,"{'type': 'person', 'role': 'Student'}"
59,"{'type': 'person', 'role': 'Student'}"
254,"{'type': 'person', 'role': 'Student'}"
438,"{'type': 'person', 'role': 'Student'}"
62,"{'type': 'person', 'role': 'Student'}"
590,"{'type': 'person', 'role': 'Student'}"
111,"{'type': 'person', 'role': 'Student'}"
591,"{'type': 'person', 'role': 'Student'}"
592,"{'type': 'person', 'role': 'Student'}"
95,"{'type': 'person', 'role': 'Student'}"
106,"{'type': 'person', 'role': 'Instructor'}"
593,"{'type': 'person', 'role': 'Student'}"
594,"{'type': 'person', 'role': 'Student'}"
595,"{'type': 'person', 'role': 'Student'}"
471,"{'type': 'person', 'role': 'Student'}"
596,"{'type': 'person', 'role': 'Student'}"
11,"{'type': 'person', 'role': 'Student'}"
79,"{'type': 'person', 'role': 'Student'}"
473,"{'type': 'person', 'role': 'TA'}"
346,"{'type': 'person', 'role': 'Student'}"
474,"{'type': 'person', 'role': 'Student'}"
476,"{'type': 'person', 'role': 'Student'}"
148,"{'type': 'person', 'role': 'Student'}"
597,"{'type': 'person', 'role': 'Student'}"
598,"{'type': 'person', 'role': 'Student'}"
477,"{'type': 'person', 'role': 'Student'}"
478,"{'type': 'person', 'role': 'Student'}"
479,"{'type': 'person', 'role': 'TA'}"
599,"{'type': 'person', 'role': 'Student'}"
600,"{'type': 'person', 'role': 'Student'}"
482,"{'type': 'person', 'role': 'Student'}"
601,"{'type': 'person', 'role': 'Student'}"
602,"{'type': 'person', 'role': 'Student'}"
603,"{'type': 'person', 'role': 'Student'}"
604,"{'type': 'person', 'role': 'Student'}"
484,"{'type': 'person', 'role': 'Student'}"
605,"{'type': 'person', 'role': 'Student'}"
606,"{'type': 'person', 'role': 'Student'}"
607,"{'type': 'person', 'role': 'Student'}"
164,"{'type': 'person', 'role': 'TA'}"
161,"{'type': 'person', 'role': 'Student'}"
327,"{'type': 'person', 'role': 'Student'}"
357,"{'type': 'person', 'role': 'Student'}"
292,"{'type': 'person', 'role': 'Student'}"
608,"{'type': 'person', 'role': 'Student'}"
609,"{'type': 'person', 'role': 'Student'}"
610,"{'type': 'person', 'role': 'Student'}"
486,"{'type': 'person', 'role': 'Student'}"
611,"{'type': 'person', 'role': 'Student'}"
487,"{'type': 'person', 'role': 'Student'}"
612,"{'type': 'person', 'role': 'Student'}"
92,"{'type': 'person', 'role': 'Student'}"
150,"{'type': 'person', 'role': 'Student'}"
488,"{'type': 'person', 'role': 'TA'}"
613,"{'type': 'person', 'role': 'Student'}"
489,"{'type': 'person', 'role': 'Student'}"
82,"{'type': 'person', 'role': 'Student'}"
614,"{'type': 'person', 'role': 'Student'}"
615,"{'type': 'person', 'role': 'Student'}"
616,"{'type': 'person', 'role': 'Student'}"
617,"{'type': 'person', 'role': 'Student'}"
618,"{'type': 'person', 'role': 'Student'}"
619,"{'type': 'person', 'role': 'Student'}"
188,"{'type': 'person', 'role': 'Student'}"
620,"{'type': 'person', 'role': 'Student'}"
621,"{'type': 'person', 'role': 'Student'}"
622,"{'type': 'person', 'role': 'Student'}"
63,"{'type': 'person', 'role': 'Student'}"
351,"{'type': 'person', 'role': 'Student'}"
623,"{'type': 'person', 'role': 'Student'}"
31,"{'type': 'person', 'role': 'Student'}"
624,"{'type': 'person', 'role': 'Student'}"
625,"{'type': 'person', 'role': 'Student'}"
626,"{'type': 'person', 'role': 'Student'}"
492,"{'type': 'person', 'role': 'Student'}"
342,"{'type': 'person', 'role': 'Student'}"
493,"{'type': 'person', 'role': 'Student'}"
627,"{'type': 'person', 'role': 'Student'}"
187,"{'type': 'person', 'role': 'Student'}"
483,"{'type': 'person', 'role': 'Student'}"
628,"{'type': 'person', 'role': 'Student'}"
10,"{'type': 'person', 'role': 'Student'}"
629,"{'type': 'person', 'role': 'Student'}"
630,"{'type': 'person', 'role': 'Student'}"
631,"{'type': 'person', 'role': 'Student'}"
495,"{'type': 'person', 'role': 'Student'}"
632,"{'type': 'person', 'role': 'Student'}"
496,"{'type': 'person', 'role': 'Student'}"
328,"{'type': 'person', 'role': 'Student'}"
497,"{'type': 'person', 'role': 'Student'}"
633,"{'type': 'person', 'role': 'Student'}"
249,"{'type': 'person', 'role': 'Student'}"
634,"{'type': 'person', 'role': 'Student'}"
498,"{'type': 'person', 'role': 'Student'}"
635,"{'type': 'person', 'role': 'Student'}"
636,"{'type': 'person', 'role': 'Student'}"
225,"{'type': 'person', 'role': 'Student'}"
324,"{'type': 'person', 'role': 'Student'}"
637,"{'type': 'person', 'role': 'Student'}"
212,"{'type': 'person', 'role': 'Student'}"
638,"{'type': 'person', 'role': 'Student'}"
499,"{'type': 'person', 'role': 'Student'}"
472,"{'type': 'person', 'role': 'Student'}"
639,"{'type': 'person', 'role': 'Student'}"
640,"{'type': 'person', 'role': 'Student'}"
500,"{'type': 'person', 'role': 'Student'}"
502,"{'type': 'person', 'role': 'Student'}"
641,"{'type': 'person', 'role': 'Student'}"
642,"{'type': 'person', 'role': 'Student'}"
503,"{'type': 'person', 'role': 'Student'}"
643,"{'type': 'person', 'role': 'Student'}"
435,"{'type': 'person', 'role': 'Student'}"
644,"{'type': 'person', 'role': 'Student'}"
645,"{'type': 'person', 'role': 'Student'}"
646,"{'type': 'person', 'role': 'Student'}"
330,"{'type': 'person', 'role': 'Student'}"
647,"{'type': 'person', 'role': 'Student'}"
648,"{'type': 'person', 'role': 'Student'}"
441,"{'type': 'person', 'role': 'Student'}"
355,"{'type': 'person', 'role': 'Student'}"
649,"{'type': 'person', 'role': 'Student'}"
508,"{'type': 'person', 'role': 'Student'}"
211,"{'type': 'person', 'role': 'Student'}"
650,"{'type': 'person', 'role': 'Student'}"
651,"{'type': 'person', 'role': 'Student'}"
400,"{'type': 'person', 'role': 'Student'}"
652,"{'type': 'person', 'role': 'Student'}"
653,"{'type': 'person', 'role': 'Student'}"
257,"{'type': 'person', 'role': 'Student'}"
510,"{'type': 'person', 'role': 'Student'}"
654,"{'type': 'person', 'role': 'Student'}"
5,"{'type': 'person', 'role': 'Student'}"
258,"{'type': 'person', 'role': 'Student'}"
511,"{'type': 'person', 'role': 'Student'}"
655,"{'type': 'person', 'role': 'Student'}"
656,"{'type': 'person', 'role': 'Student'}"
318,"{'type': 'person', 'role': 'TA'}"
657,"{'type': 'person', 'role': 'Student'}"
658,"{'type': 'person', 'role': 'Student'}"
659,"{'type': 'person', 'role': 'Student'}"
660,"{'type': 'person', 'role': 'Student'}"
94,"{'type': 'person', 'role': 'Student'}"
519,"{'type': 'person', 'role': 'Student'}"
325,"{'type': 'person', 'role': 'Student'}"
98,"{'type': 'person', 'role': 'Student'}"
661,"{'type': 'person', 'role': 'Student'}"
662,"{'type': 'person', 'role': 'Student'}"
663,"{'type': 'person', 'role': 'Student'}"
160,"{'type': 'person', 'role': 'Student'}"
3,"{'type': 'person', 'role': 'Student'}"
189,"{'type': 'person', 'role': 'Student'}"
664,"{'type': 'person', 'role': 'Student'}"
363,"{'type': 'person', 'role': 'Student'}"
521,"{'type': 'person', 'role': 'Student'}"
665,"{'type': 'person', 'role': 'Student'}"
666,"{'type': 'person', 'role': 'Student'}"
667,"{'type': 'person', 'role': 'Student'}"
668,"{'type': 'person', 'role': 'Student'}"
669,"{'type': 'person', 'role': 'Student'}"
348,"{'type': 'person', 'role': 'Student'}"
670,"{'type': 'person', 'role': 'Student'}"
102,"{'type': 'person', 'role': 'Student'}"
50,"{'type': 'person', 'role': 'Student'}"
66,"{'type': 'person', 'role': 'Student'}"
163,"{'type': 'person', 'role': 'Student'}"
1,"{'type': 'channel', 'name': 'general'}"
61,"{'type': 'person', 'role': 'Student'}"
6,"{'type': 'person', 'role': 'Student'}"
236,"{'type': 'person', 'role': 'Student'}"
101,"{'type': 'person', 'role': 'Student'}"
524,"{'type': 'person', 'role': 'Student'}"
513,"{'type': 'thread', 'name': 'Is there a zoom link for goodrich class'}"
504,"{'type': 'thread', 'name': 'Project 3 Hackathon'}"
14,"{'type': 'thread', 'name': 'Will there be a final'}"
448,"{'type': 'thread', 'name': 'For question 2 on the practice final ('}"
449,"{'type': 'thread', 'name': '@instructor @teachingassistants answer'}"
15,"{'type': 'thread', 'name': 'The sand answer'}"
16,"{'type': 'thread', 'name': 'Multiple Resolution'}"
17,"{'type': 'thread', 'name': 'Exception'}"
450,"{'type': 'thread', 'name': 'maybe it s just sundays that don t count'}"
18,"{'type': 'thread', 'name': 'Autograder problem'}"
19,"{'type': 'thread', 'name': 'How do we access class via zoom'}"
520,"{'type': 'thread', 'name': 'Pushing Code to GitHub'}"
20,"{'type': 'thread', 'name': 'Project 2 lab session recording'}"
514,"{'type': 'thread', 'name': 'Does png work I assume not since PNG isn'}"
213,"{'type': 'thread', 'name': 'Are there tas working right now'}"
515,"{'type': 'thread', 'name': 'Class is in person today right'}"
174,"{'type': 'thread', 'name': 'So i ve finished the project but i have'}"
451,"{'type': 'thread', 'name': 'This is just a suggestion but would it'}"
509,"{'type': 'thread', 'name': 'I bought my textbook online on RedShelf'}"
516,"{'type': 'thread', 'name': 'Anyone know where I can find the zoom'}"
214,"{'type': 'thread', 'name': 'Hey guys can somebody tell me where I'}"
21,"{'type': 'thread', 'name': 'Hehe'}"
22,"{'type': 'thread', 'name': 'Does anyone know what program Professor'}"
23,"{'type': 'thread', 'name': 'New schedule'}"
494,"{'type': 'thread', 'name': 'Figures for 13.2.2'}"
24,"{'type': 'thread', 'name': 'Project Submission Question'}"
25,"{'type': 'thread', 'name': 'When should I start?'}"
26,"{'type': 'thread', 'name': 'Textbook pdf'}"
27,"{'type': 'thread', 'name': 'Zoom links'}"
191,"{'type': 'thread', 'name': ""That's the initial matrix for Floyd's""}"
28,"{'type': 'thread', 'name': ""Floyd's""}"
525,"{'type': 'thread', 'name': 'When you have something in {} like {3,4'}"
392,"{'type': 'thread', 'name': 'Sounds good to me! Do you want to meet'}"
29,"{'type': 'channel', 'name': 'project-1'}"
485,"{'type': 'person', 'role': 'Student'}"
526,"{'type': 'person', 'role': 'Student'}"
527,"{'type': 'person', 'role': 'Student'}"
331,"{'type': 'thread', 'name': 'Yep! And I can see the changes pushed'}"
452,"{'type': 'thread', 'name': 'I have very bad memory so apologies if'}"
364,"{'type': 'thread', 'name': 'New Lines'}"
350,"{'type': 'thread', 'name': 'Attribute Error'}"
175,"{'type': 'thread', 'name': 'Hey I m getting this issue when I try to'}"
365,"{'type': 'thread', 'name': 'I m getting an error that says that'}"
216,"{'type': 'thread', 'name': 'Does anyone know why I am getting a'}"
332,"{'type': 'thread', 'name': 'Pytest not working'}"
288,"{'type': 'thread', 'name': 'I keep getting a similar error it doesn'}"
366,"{'type': 'thread', 'name': 'I’m running into an issue'}"
322,"{'type': 'thread', 'name': 'I was curious to know how others have'}"
367,"{'type': 'thread', 'name': 'Pytest not loading'}"
368,"{'type': 'thread', 'name': 'For some reason nothing happens when I'}"
393,"{'type': 'thread', 'name': 'Hey guys I am getting a strange error'}"
333,"{'type': 'thread', 'name': 'I figured it out I was passing in'}"
32,"{'type': 'thread', 'name': 'Wait I m so confused I was doing the'}"
253,"{'type': 'thread', 'name': 'Undefined FSA'}"
394,"{'type': 'thread', 'name': 'Where can I find what I m supposed to do'}"
166,"{'type': 'thread', 'name': 'Any idea why I keep getting this error'}"
395,"{'type': 'thread', 'name': 'Check for new line'}"
289,"{'type': 'thread', 'name': 'Where do I find the tutorial on how to'}"
182,"{'type': 'thread', 'name': 'How do I test locally I’ve tried using'}"
334,"{'type': 'thread', 'name': 'Should fsa'}"
369,"{'type': 'thread', 'name': 'What is the best way to handle tokens of'}"
192,"{'type': 'thread', 'name': 'Is there a reason the example code uses'}"
370,"{'type': 'thread', 'name': 'Weird import errors'}"
371,"{'type': 'thread', 'name': 'Is anyone else having issues passing the'}"
372,"{'type': 'thread', 'name': 'How do you get the line numbers Do you'}"
256,"{'type': 'thread', 'name': 'Line numbers'}"
33,"{'type': 'thread', 'name': 'String line number'}"
252,"{'type': 'thread', 'name': 'To submit this to we just push our'}"
373,"{'type': 'thread', 'name': 'Has anybody mastered the art of knowing'}"
374,"{'type': 'thread', 'name': 'is this on Github'}"
284,"{'type': 'thread', 'name': 'Hm I think I might have downloaded the'}"
34,"{'type': 'thread', 'name': 'Ta passoff'}"
290,"{'type': 'thread', 'name': 'still looking for a little bit of help'}"
375,"{'type': 'thread', 'name': 'I don t have a token file The token'}"
193,"{'type': 'thread', 'name': 'Are we allowed to use one FSA in another'}"
505,"{'type': 'thread', 'name': 'Thread'}"
376,"{'type': 'thread', 'name': 'What are the specifications for each'}"
35,"{'type': 'thread', 'name': 'Case sensitive'}"
273,"{'type': 'thread', 'name': 'Import Paths'}"
217,"{'type': 'thread', 'name': 'how did you determine a token was and'}"
442,"{'type': 'thread', 'name': 'Are you not allwed to have multiple constructors?'}"
358,"{'type': 'thread', 'name': 'The autograder doesn t seem to be'}"
36,"{'type': 'thread', 'name': 'That sounds good I think a strong can'}"
37,"{'type': 'thread', 'name': 'Whitespace'}"
38,"{'type': 'thread', 'name': 'Undefined token values'}"
39,"{'type': 'thread', 'name': 'Lexer.run() output'}"
40,"{'type': 'thread', 'name': 'Did you guys make a new file for each'}"
291,"{'type': 'thread', 'name': 'This is also the problem I m stuck with'}"
506,"{'type': 'thread', 'name': 'Should the states be functions or'}"
512,"{'type': 'thread', 'name': 'Do we need to do anything on Learning'}"
356,"{'type': 'thread', 'name': 'Did you get this resolved I m having the'}"
453,"{'type': 'thread', 'name': 'Any ideas on how to fix this error It'}"
294,"{'type': 'thread', 'name': 'I know that the algorithm involves'}"
41,"{'type': 'thread', 'name': 'I drew up my ID FSA and I noticed that'}"
431,"{'type': 'thread', 'name': 'function signifier'}"
443,"{'type': 'thread', 'name': 'In this example for ID'}"
475,"{'type': 'thread', 'name': 'Quick question that doesn t matter at'}"
295,"{'type': 'thread', 'name': 'Hey I just realized that my new Project'}"
335,"{'type': 'thread', 'name': 'Help with white space'}"
336,"{'type': 'thread', 'name': 'When to end ID'}"
42,"{'type': 'thread', 'name': 'Ok this is driving me crazy and I can t'}"
480,"{'type': 'thread', 'name': 'Are there test cases anywhere that we'}"
481,"{'type': 'thread', 'name': 'Can we put a lot of FSA classes into one'}"
296,"{'type': 'thread', 'name': 'I have a question about where exactly we'}"
297,"{'type': 'thread', 'name': 'Just had a question regarding code style'}"
218,"{'type': 'thread', 'name': 'Say the input string is “ k” I’m pretty'}"
43,"{'type': 'thread', 'name': 'A commit was made'}"
44,"{'type': 'thread', 'name': 'I’m a bit confused about which example'}"
45,"{'type': 'thread', 'name': 'String FSA'}"
337,"{'type': 'thread', 'name': 'Jupiter password'}"
46,"{'type': 'thread', 'name': 'The project1 guide pdf available on the'}"
47,"{'type': 'channel', 'name': 'project-2'}"
194,"{'type': 'thread', 'name': 'I would like to know why I got passed by'}"
51,"{'type': 'thread', 'name': ""Hey, I'm having this error when I try to""}"
377,"{'type': 'thread', 'name': 'Upload to GitHub'}"
220,"{'type': 'thread', 'name': ""What's the issue here?  It looks exactly""}"
195,"{'type': 'thread', 'name': 'I have the same problem with submitting'}"
52,"{'type': 'thread', 'name': 'Are we supposed to make the Datalog'}"
53,"{'type': 'thread', 'name': 'Thread'}"
168,"{'type': 'thread', 'name': 'Is anyone else having trouble reading'}"
221,"{'type': 'thread', 'name': 'Try using extend instead of append on'}"
436,"{'type': 'thread', 'name': 'So another question for anyone who is'}"
339,"{'type': 'thread', 'name': 'domain'}"
259,"{'type': 'thread', 'name': 'Predicate to_string()'}"
260,"{'type': 'thread', 'name': 'Your lexer in project 1 printed out the'}"
378,"{'type': 'thread', 'name': 'could someone who finished check my'}"
222,"{'type': 'thread', 'name': 'My code works for all of the input files'}"
396,"{'type': 'thread', 'name': 'Tuple problems'}"
397,"{'type': 'thread', 'name': 'Errors when returning token list from lexer'}"
398,"{'type': 'thread', 'name': 'Project 2 output'}"
274,"{'type': 'thread', 'name': 'what exactly is a parameter object As'}"
282,"{'type': 'thread', 'name': 'Is there a TA that would be able to'}"
261,"{'type': 'thread', 'name': 'what is the datalog program part'}"
444,"{'type': 'thread', 'name': 'For some reason'}"
223,"{'type': 'thread', 'name': 'is anyone else having issues with their'}"
439,"{'type': 'thread', 'name': 'Solution to GitHub failing both buckets but your loca machine suceeding both buckets.'}"
399,"{'type': 'thread', 'name': 'parse_datalog function'}"
54,"{'type': 'thread', 'name': 'Bucket 80 test 4'}"
379,"{'type': 'thread', 'name': 'I m trying to delete the COMMENT tokens'}"
55,"{'type': 'thread', 'name': 'You need to skip the comment tokens in'}"
361,"{'type': 'thread', 'name': 'How do we submit this lab There aren t'}"
445,"{'type': 'thread', 'name': 'First and Follow Sets'}"
177,"{'type': 'thread', 'name': 'What do we put in the paramater class Is'}"
340,"{'type': 'thread', 'name': 'If you copy over the files you don’t'}"
224,"{'type': 'thread', 'name': 'When you have a production with many'}"
56,"{'type': 'thread', 'name': 'Did Dr Goodrich say after what class'}"
57,"{'type': 'thread', 'name': 'Review or overview'}"
298,"{'type': 'channel', 'name': 'tutorials'}"
299,"{'type': 'thread', 'name': 'Quick Jupyter Notebook Tutorial'}"
300,"{'type': 'thread', 'name': 'A list of what tutorials are done'}"
528,"{'type': 'thread', 'name': 'Project 5 Help Video'}"
301,"{'type': 'thread', 'name': 'VS Code Tutorial'}"
302,"{'type': 'thread', 'name': 'Project 0 Walkthrough'}"
58,"{'type': 'channel', 'name': 'project-3'}"
401,"{'type': 'thread', 'name': 'Query a relation for only strings'}"
67,"{'type': 'thread', 'name': 'Formally, it should return a new'}"
402,"{'type': 'thread', 'name': 'Running code on input files'}"
403,"{'type': 'thread', 'name': 'input2'}"
227,"{'type': 'thread', 'name': 'Does anyone know how to debug the test'}"
380,"{'type': 'thread', 'name': 'Sorted'}"
404,"{'type': 'thread', 'name': 'TA video stuff'}"
68,"{'type': 'thread', 'name': 'How to interpret the test demo code'}"
69,"{'type': 'thread', 'name': 'bucket80 test 0'}"
405,"{'type': 'thread', 'name': 'Currently getting an error when I try to'}"
406,"{'type': 'thread', 'name': 'for input2/answer2, why are there only 3'}"
407,"{'type': 'thread', 'name': 'im getting an odd error when trying to'}"
408,"{'type': 'thread', 'name': 'Constants vs Variables'}"
228,"{'type': 'thread', 'name': 'when I do that, it says pytest is not'}"
262,"{'type': 'thread', 'name': 'Error in test.py'}"
409,"{'type': 'thread', 'name': 'Relation.to_string()'}"
250,"{'type': 'thread', 'name': 'Somehow Project 3 broke my lexer even'}"
70,"{'type': 'thread', 'name': 'Pytest'}"
196,"{'type': 'thread', 'name': 'Thread'}"
71,"{'type': 'thread', 'name': 'Project 2 datatypes'}"
72,"{'type': 'thread', 'name': 'could someone help be with the Idea of'}"
381,"{'type': 'thread', 'name': 'Datalog program constructor'}"
382,"{'type': 'thread', 'name': 'Tabulate Error on Github'}"
410,"{'type': 'thread', 'name': 'Raising unequal header length error'}"
73,"{'type': 'thread', 'name': 'Project 2 problems'}"
229,"{'type': 'thread', 'name': 'Has anyone had trouble getting the tests'}"
74,"{'type': 'thread', 'name': 'Copy of relation - from Walter in the TA'}"
248,"{'type': 'thread', 'name': 'I changed the hash and equals functions'}"
501,"{'type': 'thread', 'name': ""I'm getting these errors on both buckets""}"
411,"{'type': 'thread', 'name': 'How to rename the new relations'}"
412,"{'type': 'thread', 'name': 'Difference between selects'}"
75,"{'type': 'thread', 'name': 'test cases'}"
230,"{'type': 'thread', 'name': 'Submission'}"
197,"{'type': 'thread', 'name': ""Going off of the Walter's zoom video,""}"
76,"{'type': 'thread', 'name': 'Up to you on that, I recommend a map to'}"
198,"{'type': 'thread', 'name': '@everyone'}"
231,"{'type': 'thread', 'name': 'GitHub'}"
232,"{'type': 'thread', 'name': 'Are we allowed to use premade packages'}"
233,"{'type': 'thread', 'name': 'Relation'}"
263,"{'type': 'thread', 'name': 'why would it say that the str doesnt'}"
77,"{'type': 'thread', 'name': 'Project with empty list'}"
341,"{'type': 'thread', 'name': 'I thought we had to pass in input from'}"
178,"{'type': 'thread', 'name': 'Do we need a database class in the'}"
517,"{'type': 'thread', 'name': 'How late is the ta office open today?'}"
78,"{'type': 'channel', 'name': 'project-4'}"
490,"{'type': 'thread', 'name': ""I just wanted to make sure I'm on the""}"
85,"{'type': 'thread', 'name': 'It prints them using the header from the'}"
413,"{'type': 'thread', 'name': 'Any tips for printing out the tuples'}"
529,"{'type': 'thread', 'name': 'help on the joinrows function'}"
86,"{'type': 'thread', 'name': 'Code optimization'}"
87,"{'type': 'thread', 'name': 'Tuple printing'}"
414,"{'type': 'thread', 'name': 'Quick question-- one of the steps calls'}"
415,"{'type': 'thread', 'name': 'In the demo code, one of the parameters'}"
199,"{'type': 'thread', 'name': ""I'm trying to connect my evaluate_rule""}"
440,"{'type': 'person', 'role': 'Student'}"
383,"{'type': 'thread', 'name': 'Has anyone else run into a problem where'}"
200,"{'type': 'thread', 'name': 'you mean writing the union function?'}"
201,"{'type': 'thread', 'name': 'What are the pytest commands again? ('}"
202,"{'type': 'thread', 'name': 'whenever i forget i just search messages'}"
264,"{'type': 'thread', 'name': 'Has anyone else had trouble getting'}"
234,"{'type': 'thread', 'name': 'Hey guys. I went through the prep video'}"
384,"{'type': 'thread', 'name': 'how do we grab the rules on the right'}"
88,"{'type': 'thread', 'name': ""I'm having trouble figuring out how to""}"
89,"{'type': 'thread', 'name': 'Hey guys, when we do rules, we are only'}"
385,"{'type': 'thread', 'name': 'Fixed point algorithm'}"
90,"{'type': 'thread', 'name': 'Failing bucket 100'}"
386,"{'type': 'thread', 'name': 'Fixed point algorithm location'}"
416,"{'type': 'thread', 'name': 'where should i look for these 2 spots to'}"
417,"{'type': 'thread', 'name': 'the other problem im having is 80 doesnt'}"
203,"{'type': 'thread', 'name': 'would anyone be available for a sec to'}"
91,"{'type': 'channel', 'name': 'project-5'}"
237,"{'type': 'thread', 'name': 'Test Cases'}"
103,"{'type': 'thread', 'name': 'Size 1 sccs'}"
104,"{'type': 'thread', 'name': 'Retrieve a list of set'}"
238,"{'type': 'thread', 'name': 'Hello, I have ""completed"" project 5a but'}"
418,"{'type': 'thread', 'name': 'can i DM my dependency graphs to someone'}"
419,"{'type': 'thread', 'name': 'For Project 5a when doing postorder'}"
267,"{'type': 'thread', 'name': '@teaching assistants I am trying to'}"
268,"{'type': 'thread', 'name': 'Is there anything in bucket 80 input'}"
239,"{'type': 'thread', 'name': 'GitHub'}"
269,"{'type': 'thread', 'name': ""I'm having a weird pytest issue where""}"
270,"{'type': 'thread', 'name': 'Populate the graph with loops'}"
507,"{'type': 'thread', 'name': 'should our sccs and trees/forests be'}"
245,"{'type': 'thread', 'name': 'DFS'}"
446,"{'type': 'thread', 'name': 'Unhashable error'}"
204,"{'type': 'thread', 'name': ""I don't have an autograder on my github""}"
240,"{'type': 'thread', 'name': 'Failing'}"
105,"{'type': 'channel', 'name': 'exams'}"
276,"{'type': 'thread', 'name': 'Exam Grade not posted'}"
454,"{'type': 'thread', 'name': 'Exam question for the @teaching'}"
205,"{'type': 'thread', 'name': 'Is that a practice exam, or is that just'}"
107,"{'type': 'thread', 'name': 'Is prep exam closed note'}"
352,"{'type': 'thread', 'name': 'Should I ask questions about the'}"
108,"{'type': 'thread', 'name': 'Exam format'}"
447,"{'type': 'thread', 'name': 'What am I missing?'}"
491,"{'type': 'thread', 'name': 'Question 2'}"
420,"{'type': 'thread', 'name': 'Prep exam 9c'}"
165,"{'type': 'thread', 'name': 'Does anyone want to get a group together'}"
387,"{'type': 'thread', 'name': 'Well thats confusing:caveman:'}"
388,"{'type': 'thread', 'name': 'I probably got this wrong, but I have R'}"
389,"{'type': 'thread', 'name': 'can somebody remind me what the symbols'}"
109,"{'type': 'thread', 'name': 'Grading Practice Exam'}"
390,"{'type': 'thread', 'name': 'Order of ops'}"
110,"{'type': 'channel', 'name': 'homework'}"
112,"{'type': 'thread', 'name': 'Factorial math'}"
421,"{'type': 'thread', 'name': 'HW 20 problem 3'}"
422,"{'type': 'thread', 'name': 'If I completed and turned in homework'}"
423,"{'type': 'thread', 'name': 'How can you tell if a matrix is transitive?'}"
424,"{'type': 'thread', 'name': 'Symmetric & Antisymmestric & Asymmestric'}"
113,"{'type': 'thread', 'name': 'Projecting column E on table S does not'}"
455,"{'type': 'thread', 'name': 'I was wondering the same thing. I feel'}"
456,"{'type': 'thread', 'name': 'On 9D on the preparation exam, it'}"
353,"{'type': 'thread', 'name': 'am i correct in this assumption then?'}"
457,"{'type': 'thread', 'name': 'Resolution versus disjunctive syllogism'}"
114,"{'type': 'thread', 'name': ""I'm kind of confused here. Are the""}"
425,"{'type': 'thread', 'name': 'Logical Equivalence inside Quantified Statements'}"
115,"{'type': 'thread', 'name': 'can someone clarify this for me? For'}"
303,"{'type': 'thread', 'name': 'hmmm maybe I am misreading it. That is,'}"
434,"{'type': 'thread', 'name': 'Homework 10b'}"
458,"{'type': 'thread', 'name': ""I'll make sure that everyone who tried""}"
116,"{'type': 'thread', 'name': 'What is meant by the truth table method'}"
117,"{'type': 'thread', 'name': 'For Homework 9b are we assuming that P'}"
118,"{'type': 'thread', 'name': 'I m a bit confused on FIRST sets If a AB'}"
119,"{'type': 'thread', 'name': 'For HW8 is the list of productions under'}"
120,"{'type': 'thread', 'name': 'Does a FIRST set ever contain lambda'}"
459,"{'type': 'thread', 'name': 'Recursive descent parsing HW'}"
347,"{'type': 'thread', 'name': 'I have a quick question about question 1'}"
121,"{'type': 'thread', 'name': 'maybe something like this You already'}"
207,"{'type': 'thread', 'name': 'So S can only go to ABe as in S ABe So'}"
122,"{'type': 'thread', 'name': 'Do follow sets appear on a parse table'}"
180,"{'type': 'thread', 'name': 'Ok I have a project 1 formatting'}"
523,"{'type': 'thread', 'name': 'Undefined'}"
123,"{'type': 'thread', 'name': 'For homework 6 do we ignore problems 2 3'}"
241,"{'type': 'thread', 'name': 'This is question 2 for hw6 Doesn t there'}"
460,"{'type': 'thread', 'name': 'I watched the video about fixing'}"
277,"{'type': 'thread', 'name': 'older textbook edition'}"
304,"{'type': 'thread', 'name': 'For Project 1 and therefore HW4 part 3'}"
323,"{'type': 'thread', 'name': 'HW File types'}"
124,"{'type': 'thread', 'name': 'h4 q1 said we didn t need to add an'}"
125,"{'type': 'thread', 'name': 'Is this FSA legal In standard RegEx 1 5'}"
391,"{'type': 'thread', 'name': 'I think ‘ ‘ is a legal symbol'}"
126,"{'type': 'thread', 'name': 'Part of the description in hw 4 question'}"
359,"{'type': 'thread', 'name': 'Whitespace needed in HW4 FSA'}"
305,"{'type': 'thread', 'name': 'For hw 4 question 3 are we allowed to'}"
127,"{'type': 'thread', 'name': 'For hw 4 question 3 is it ok if we'}"
306,"{'type': 'thread', 'name': 'For HW4 should our FSA s accepting state'}"
128,"{'type': 'thread', 'name': 'Question about hw 4 To represent zero or'}"
129,"{'type': 'thread', 'name': 'I am lost on HW4 question 1 The'}"
130,"{'type': 'thread', 'name': 'I think I found a typo on HW3 RegEx FSM'}"
208,"{'type': 'thread', 'name': 'Like it says the square root of a'}"
242,"{'type': 'thread', 'name': 'f(x) = x^2 + 1'}"
131,"{'type': 'thread', 'name': 'How to test for bi-jection ect. on a math function'}"
307,"{'type': 'thread', 'name': 'For something to be injective not all of'}"
437,"{'type': 'thread', 'name': 'HW1 Q30'}"
308,"{'type': 'thread', 'name': 'HW1 Q6 10 These questions ask if D is an'}"
309,"{'type': 'thread', 'name': 'General HW Grading Question'}"
461,"{'type': 'thread', 'name': 'After making my first attempt at the'}"
132,"{'type': 'thread', 'name': 'Homework timing'}"
462,"{'type': 'thread', 'name': 'Homework 1 Cartesian Product'}"
133,"{'type': 'thread', 'name': 'Will the second attempt of any homework'}"
134,"{'type': 'thread', 'name': 'Post to show how to use threads'}"
271,"{'type': 'thread', 'name': 'Practice exam problem 1'}"
135,"{'type': 'channel', 'name': 'random'}"
209,"{'type': 'thread', 'name': 'Protip Dont wear Yankees gear to class'}"
136,"{'type': 'channel', 'name': 'project-0'}"
243,"{'type': 'thread', 'name': 'Is anyone else still having trouble with pytest'}"
137,"{'type': 'thread', 'name': 'Github ssh keys'}"
138,"{'type': 'thread', 'name': 'No github actions'}"
310,"{'type': 'thread', 'name': 'I ran python3 test script py and both'}"
311,"{'type': 'thread', 'name': 'Has anyone else had issues with'}"
522,"{'type': 'thread', 'name': 'IPyKernel'}"
139,"{'type': 'thread', 'name': 'What code can be changed?'}"
140,"{'type': 'thread', 'name': 'edit system enviroment variables'}"
312,"{'type': 'thread', 'name': 'Any advisory getting all of this to work'}"
141,"{'type': 'thread', 'name': 'test case error message'}"
313,"{'type': 'thread', 'name': 'I accidentally merged the pull request'}"
142,"{'type': 'thread', 'name': 'Okay Still though I don t know if that'}"
314,"{'type': 'thread', 'name': 'Git command not recognized'}"
315,"{'type': 'thread', 'name': 'I m trying to clone the github and i get'}"
278,"{'type': 'thread', 'name': 'Any other ideas'}"
316,"{'type': 'thread', 'name': 'Trying to follow the project 0 tutorial'}"
143,"{'type': 'thread', 'name': 'Add python to your PATH'}"
321,"{'type': 'thread', 'name': 'I don t understand why I m getting this'}"
144,"{'type': 'thread', 'name': 'Has anyone gotten this error I m'}"
428,"{'type': 'thread', 'name': 'Python3 Version'}"
317,"{'type': 'thread', 'name': 'It says it s only available for people'}"
145,"{'type': 'channel', 'name': 'announcements'}"
463,"{'type': 'thread', 'name': ""@everyone I've been reviewing the notes""}"
146,"{'type': 'thread', 'name': 'Please do the following before class on'}"
147,"{'type': 'thread', 'name': 'Lab 2 perp session'}"
464,"{'type': 'thread', 'name': 'ChatGPT Best Practices'}"
465,"{'type': 'thread', 'name': '@everyone Another migraine is hitting'}"
149,"{'type': 'channel', 'name': 'ta-schedule-updates'}"
466,"{'type': 'thread', 'name': 'Hye everyone! I woke up feeling sick so'}"
467,"{'type': 'thread', 'name': 'I will miss my hours on Wednesday for an'}"
468,"{'type': 'thread', 'name': 'Since I’m still sick, my hours for the'}"
469,"{'type': 'thread', 'name': 'I will be online only today, as I’ve'}"
151,"{'type': 'thread', 'name': 'are TAs available from 11 12 today'}"
152,"{'type': 'thread', 'name': 'Hackathon questions'}"
153,"{'type': 'thread', 'name': 'TA email'}"
154,"{'type': 'thread', 'name': 'Hours chat'}"
155,"{'type': 'thread', 'name': 'Hours adjust'}"
157,"{'type': 'channel', 'name': 'exam-grading-excpetions'}"
470,"{'type': 'thread', 'name': ""I noticed that a few students I'm""}"
518,"{'type': 'thread', 'name': 'student x submitted a .heic file'}"